<?xml version="1.0" encoding="UTF-8"?>
<ivy-module version="2.0" xmlns:m="http://ant.apache.org/ivy/maven">
    <info organisation="pentaho-kettle" module="kettle-dbdialog" revision="${project.revision}"/>
    
    <configurations>
       <conf name="default"/>
       <conf name="test" visibility="private"/>
       <conf name="source"/>       
    </configurations>
    
    <publications>
       <artifact name="kettle-dbdialog" type="jar" conf="default"/>
       <artifact name="kettle-dbdialog" m:classifier="sources" type="source" ext="jar" conf="source"/>
    </publications>   
    
    <dependencies defaultconf="default->default">
       
      <dependency org="pentaho" name="pentaho-xul-core" rev="${dependency.pentaho-xul.revision}" transitive="true" changing="true"/>
      <dependency org="pentaho" name="pentaho-xul-swing" rev="${dependency.pentaho-xul.revision}" transitive="true" changing="true"/>
      <dependency org="pentaho" name="pentaho-xul-swt" rev="${dependency.pentaho-xul.revision}" transitive="true" changing="true"/>
    
       <dependency org="org.eclipse" name="jface" rev="3.3.0-I20070606-0010" transitive="false"/>
       <dependency org="org.eclipse.core" name="runtime" rev="3.3.100-v20070530" transitive="false"/>
       <dependency org="org.eclipse.equinox" name="common" rev="3.3.0-v20070426" transitive="false"/>
       <dependency org="org.eclipse.core" name="commands" rev="3.3.0-I20070605-0010" transitive="false"/>
       <dependency org="jaxen" name="jaxen" rev="1.1.1" transitive="false"/>
       <dependency org="log4j" name="log4j" rev="1.2.8" transitive="false"/>
       <dependency org="pentaho-kettle" name="kettle-engine" rev="${dependency.kettle.revision}" transitive="false"/>
       <dependency org="pentaho-kettle" name="kettle-core" rev="${dependency.kettle.revision}" transitive="false"/>
       <dependency org="pentaho-kettle" name="kettle-db" rev="${dependency.kettle.revision}" transitive="false"/>
       <dependency org="commons-pool" name="commons-pool" rev="1.3" transitive="false"/>
       <dependency org="commons-dbcp" name="commons-dbcp" rev="1.2.1" transitive="false"/>
       <dependency org="commons-beanutils" name="commons-beanutils" rev="1.9.3" transitive="false"/>
       <dependency org="hsqldb" name="hsqldb" rev="1.8.0.1" transitive="false"/>
       <dependency org="mysql" name="mysql-connector-java" rev="5.1.17" transitive="false"/>
       <dependency org="dom4j" name="dom4j" rev="1.6.1" transitive="false"/>
       <dependency org="commons-lang" name="commons-lang" rev="2.2" transitive="false"/>
       <dependency org="commons-logging" name="commons-logging-api" rev="1.1" transitive="false"/>
        
       <!-- vfs is required due to a dependency in Kettle's BuildVersion class -->
       <dependency org="org.apache.commons" name="commons-vfs2" rev="2.0" transitive="false"/>
       <dependency org="org.eclipse.swt.win32.win32" name="x86" rev="3.3.0-v3346" transitive="false"/> 
        
   </dependencies>
</ivy-module>
