<?xml version="1.0" encoding="UTF-8"?>
<repository>

<transformations>
<transformation>
  <info>
    <name>make_pdi_encrypted_password</name>
    <description/>
    <extended_description/>
    <trans_version/>
    <trans_type>Normal</trans_type>
    <directory>&#47;</directory>
    <parameters>
    </parameters>
    <log>
<trans-log-table><connection/>
<schema/>
<table/>
<size_limit_lines/>
<interval/>
<timeout_days/>
<field><id>ID_BATCH</id><enabled>Y</enabled><name>ID_BATCH</name></field><field><id>CHANNEL_ID</id><enabled>N</enabled><name>CHANNEL_ID</name></field><field><id>TRANSNAME</id><enabled>Y</enabled><name>TRANSNAME</name></field><field><id>STATUS</id><enabled>Y</enabled><name>STATUS</name></field><field><id>LINES_READ</id><enabled>Y</enabled><name>LINES_READ</name><subject/></field><field><id>LINES_WRITTEN</id><enabled>Y</enabled><name>LINES_WRITTEN</name><subject/></field><field><id>LINES_UPDATED</id><enabled>Y</enabled><name>LINES_UPDATED</name><subject/></field><field><id>LINES_INPUT</id><enabled>Y</enabled><name>LINES_INPUT</name><subject/></field><field><id>LINES_OUTPUT</id><enabled>Y</enabled><name>LINES_OUTPUT</name><subject/></field><field><id>LINES_REJECTED</id><enabled>N</enabled><name>LINES_REJECTED</name><subject/></field><field><id>ERRORS</id><enabled>Y</enabled><name>ERRORS</name></field><field><id>STARTDATE</id><enabled>Y</enabled><name>STARTDATE</name></field><field><id>ENDDATE</id><enabled>Y</enabled><name>ENDDATE</name></field><field><id>LOGDATE</id><enabled>Y</enabled><name>LOGDATE</name></field><field><id>DEPDATE</id><enabled>Y</enabled><name>DEPDATE</name></field><field><id>REPLAYDATE</id><enabled>Y</enabled><name>REPLAYDATE</name></field><field><id>LOG_FIELD</id><enabled>N</enabled><name>LOG_FIELD</name></field></trans-log-table>
<perf-log-table><connection/>
<schema/>
<table/>
<interval/>
<timeout_days/>
<field><id>ID_BATCH</id><enabled>Y</enabled><name>ID_BATCH</name></field><field><id>SEQ_NR</id><enabled>Y</enabled><name>SEQ_NR</name></field><field><id>LOGDATE</id><enabled>Y</enabled><name>LOGDATE</name></field><field><id>TRANSNAME</id><enabled>Y</enabled><name>TRANSNAME</name></field><field><id>STEPNAME</id><enabled>Y</enabled><name>STEPNAME</name></field><field><id>STEP_COPY</id><enabled>Y</enabled><name>STEP_COPY</name></field><field><id>LINES_READ</id><enabled>Y</enabled><name>LINES_READ</name></field><field><id>LINES_WRITTEN</id><enabled>Y</enabled><name>LINES_WRITTEN</name></field><field><id>LINES_UPDATED</id><enabled>Y</enabled><name>LINES_UPDATED</name></field><field><id>LINES_INPUT</id><enabled>Y</enabled><name>LINES_INPUT</name></field><field><id>LINES_OUTPUT</id><enabled>Y</enabled><name>LINES_OUTPUT</name></field><field><id>LINES_REJECTED</id><enabled>Y</enabled><name>LINES_REJECTED</name></field><field><id>ERRORS</id><enabled>Y</enabled><name>ERRORS</name></field><field><id>INPUT_BUFFER_ROWS</id><enabled>Y</enabled><name>INPUT_BUFFER_ROWS</name></field><field><id>OUTPUT_BUFFER_ROWS</id><enabled>Y</enabled><name>OUTPUT_BUFFER_ROWS</name></field></perf-log-table>
<channel-log-table><connection/>
<schema/>
<table/>
<timeout_days/>
<field><id>ID_BATCH</id><enabled>Y</enabled><name>ID_BATCH</name></field><field><id>CHANNEL_ID</id><enabled>Y</enabled><name>CHANNEL_ID</name></field><field><id>LOG_DATE</id><enabled>Y</enabled><name>LOG_DATE</name></field><field><id>LOGGING_OBJECT_TYPE</id><enabled>Y</enabled><name>LOGGING_OBJECT_TYPE</name></field><field><id>OBJECT_NAME</id><enabled>Y</enabled><name>OBJECT_NAME</name></field><field><id>OBJECT_COPY</id><enabled>Y</enabled><name>OBJECT_COPY</name></field><field><id>REPOSITORY_DIRECTORY</id><enabled>Y</enabled><name>REPOSITORY_DIRECTORY</name></field><field><id>FILENAME</id><enabled>Y</enabled><name>FILENAME</name></field><field><id>OBJECT_ID</id><enabled>Y</enabled><name>OBJECT_ID</name></field><field><id>OBJECT_REVISION</id><enabled>Y</enabled><name>OBJECT_REVISION</name></field><field><id>PARENT_CHANNEL_ID</id><enabled>Y</enabled><name>PARENT_CHANNEL_ID</name></field><field><id>ROOT_CHANNEL_ID</id><enabled>Y</enabled><name>ROOT_CHANNEL_ID</name></field></channel-log-table>
<step-log-table><connection/>
<schema/>
<table/>
<timeout_days/>
<field><id>ID_BATCH</id><enabled>Y</enabled><name>ID_BATCH</name></field><field><id>CHANNEL_ID</id><enabled>Y</enabled><name>CHANNEL_ID</name></field><field><id>LOG_DATE</id><enabled>Y</enabled><name>LOG_DATE</name></field><field><id>TRANSNAME</id><enabled>Y</enabled><name>TRANSNAME</name></field><field><id>STEPNAME</id><enabled>Y</enabled><name>STEPNAME</name></field><field><id>STEP_COPY</id><enabled>Y</enabled><name>STEP_COPY</name></field><field><id>LINES_READ</id><enabled>Y</enabled><name>LINES_READ</name></field><field><id>LINES_WRITTEN</id><enabled>Y</enabled><name>LINES_WRITTEN</name></field><field><id>LINES_UPDATED</id><enabled>Y</enabled><name>LINES_UPDATED</name></field><field><id>LINES_INPUT</id><enabled>Y</enabled><name>LINES_INPUT</name></field><field><id>LINES_OUTPUT</id><enabled>Y</enabled><name>LINES_OUTPUT</name></field><field><id>LINES_REJECTED</id><enabled>Y</enabled><name>LINES_REJECTED</name></field><field><id>ERRORS</id><enabled>Y</enabled><name>ERRORS</name></field><field><id>LOG_FIELD</id><enabled>N</enabled><name>LOG_FIELD</name></field></step-log-table>
    </log>
    <maxdate>
      <connection/>
      <table/>
      <field/>
      <offset>0.0</offset>
      <maxdiff>0.0</maxdiff>
    </maxdate>
    <size_rowset>10000</size_rowset>
    <sleep_time_empty>50</sleep_time_empty>
    <sleep_time_full>50</sleep_time_full>
    <unique_connections>N</unique_connections>
    <feedback_shown>Y</feedback_shown>
    <feedback_size>50000</feedback_size>
    <using_thread_priorities>Y</using_thread_priorities>
    <shared_objects_file/>
    <capture_step_performance>N</capture_step_performance>
    <step_performance_capturing_delay>1000</step_performance_capturing_delay>
    <step_performance_capturing_size_limit/>
    <dependencies>
    </dependencies>
    <partitionschemas>
    </partitionschemas>
    <slaveservers>
    </slaveservers>
    <clusterschemas>
    </clusterschemas>
  <created_user/>
  <created_date>2011&#47;01&#47;26 15:02:20.074</created_date>
  <modified_user>-</modified_user>
  <modified_date>2010&#47;01&#47;29 13:08:07.709</modified_date>
  </info>
  <notepads>
    <notepad>
      <note>Change the value in this step to your
clear text password.</note>
      <xloc>195</xloc>
      <yloc>38</yloc>
      <width>245</width>
      <heigth>44</heigth>
      <fontname/>
      <fontsize>-1</fontsize>
      <fontbold>N</fontbold>
      <fontitalic>N</fontitalic>
      <fontcolorred>0</fontcolorred>
      <fontcolorgreen>0</fontcolorgreen>
      <fontcolorblue>0</fontcolorblue>
      <backgroundcolorred>255</backgroundcolorred>
      <backgroundcolorgreen>165</backgroundcolorgreen>
      <backgroundcolorblue>0</backgroundcolorblue>
      <bordercolorred>100</bordercolorred>
      <bordercolorgreen>100</bordercolorgreen>
      <bordercolorblue>100</bordercolorblue>
      <drawshadow>N</drawshadow>
    </notepad>
    <notepad>
      <note>This encrypts the password using PDI
basic obfuscation (same as if you save a DB
connection in dialog).</note>
      <xloc>192</xloc>
      <yloc>136</yloc>
      <width>292</width>
      <heigth>61</heigth>
      <fontname/>
      <fontsize>-1</fontsize>
      <fontbold>N</fontbold>
      <fontitalic>N</fontitalic>
      <fontcolorred>0</fontcolorred>
      <fontcolorgreen>0</fontcolorgreen>
      <fontcolorblue>0</fontcolorblue>
      <backgroundcolorred>255</backgroundcolorred>
      <backgroundcolorgreen>165</backgroundcolorgreen>
      <backgroundcolorblue>0</backgroundcolorblue>
      <bordercolorred>100</bordercolorred>
      <bordercolorgreen>100</bordercolorgreen>
      <bordercolorblue>100</bordercolorblue>
      <drawshadow>N</drawshadow>
    </notepad>
    <notepad>
      <note>Preview Run the Transformation here!
Copy and Paste the password from here, and place it into your
xml files like such:
&lt;password&gt;Encrypted 2be98afc86aa7f2e4cb79ce10dc9eaed2&lt;&#47;password&gt;</note>
      <xloc>193</xloc>
      <yloc>248</yloc>
      <width>498</width>
      <heigth>78</heigth>
      <fontname/>
      <fontsize>-1</fontsize>
      <fontbold>N</fontbold>
      <fontitalic>N</fontitalic>
      <fontcolorred>0</fontcolorred>
      <fontcolorgreen>0</fontcolorgreen>
      <fontcolorblue>0</fontcolorblue>
      <backgroundcolorred>255</backgroundcolorred>
      <backgroundcolorgreen>165</backgroundcolorgreen>
      <backgroundcolorblue>0</backgroundcolorblue>
      <bordercolorred>100</bordercolorred>
      <bordercolorgreen>100</bordercolorgreen>
      <bordercolorblue>100</bordercolorblue>
      <drawshadow>N</drawshadow>
    </notepad>
  </notepads>
  <order>
  <hop> <from>clear_password</from><to>encrypt</to><enabled>Y</enabled> </hop>  <hop> <from>encrypt</from><to>d1</to><enabled>Y</enabled> </hop>  </order>
  <step>
    <name>clear_password</name>
    <type>RowGenerator</type>
    <description/>
    <distribute>Y</distribute>
    <copies>1</copies>
         <partitioning>
           <method>none</method>
           <schema_name/>
           </partitioning>
    <fields>
      <field>
        <name>clear_password</name>
        <type>String</type>
        <format/>
        <currency/>
        <decimal/>
        <group/>
        <nullif>blah</nullif>
        <length>-1</length>
        <precision>-1</precision>
      </field>
    </fields>
    <limit>1</limit>
     <cluster_schema/>
 <remotesteps>   <input>   </input>   <output>   </output> </remotesteps>    <GUI>
      <xloc>83</xloc>
      <yloc>45</yloc>
      <draw>Y</draw>
      </GUI>
    </step>

  <step>
    <name>d1</name>
    <type>Dummy</type>
    <description/>
    <distribute>Y</distribute>
    <copies>1</copies>
         <partitioning>
           <method>none</method>
           <schema_name/>
           </partitioning>
     <cluster_schema/>
 <remotesteps>   <input>   </input>   <output>   </output> </remotesteps>    <GUI>
      <xloc>82</xloc>
      <yloc>264</yloc>
      <draw>Y</draw>
      </GUI>
    </step>

  <step>
    <name>encrypt</name>
    <type>ScriptValueMod</type>
    <description/>
    <distribute>Y</distribute>
    <copies>1</copies>
         <partitioning>
           <method>none</method>
           <schema_name/>
           </partitioning>
    <compatible>N</compatible>
    <jsScripts>      <jsScript>        <jsScript_type>0</jsScript_type>
        <jsScript_name>Script 1</jsScript_name>
        <jsScript_script>&#47;&#47;Script here

var encrypted_password = &apos;not encrypted&apos;;


encrypted_password = &quot;Encrypted &quot; + Packages.org.pentaho.di.core.encryption.Encr.encryptPassword(clear_password);

</jsScript_script>
      </jsScript>    </jsScripts>    <fields>      <field>        <name>encrypted_password</name>
        <rename>encrypted_password</rename>
        <type>String</type>
        <length>-1</length>
        <precision>-1</precision>
        <replace>N</replace>
      </field>    </fields>     <cluster_schema/>
 <remotesteps>   <input>   </input>   <output>   </output> </remotesteps>    <GUI>
      <xloc>84</xloc>
      <yloc>147</yloc>
      <draw>Y</draw>
      </GUI>
    </step>

  <step_error_handling>
  </step_error_handling>
   <slave-step-copy-partition-distribution>
</slave-step-copy-partition-distribution>
   <slave_transformation>N</slave_transformation>
</transformation>
</transformations>
<jobs>
<job>
  <name/>
  <directory>/</directory>
  <modified_user>-</modified_user>
  <modified_date>2006/10/19 10:21:11.187</modified_date>
  <connection>
    <name>H2</name>
    <server>localhost</server>
    <type>H2</type>
    <access>Native</access>
    <database>test</database>
    <port/>
    <username>sa</username>
    <password>Encrypted </password>
    <servername/>
    <data_tablespace/>
    <index_tablespace/>
    <attributes>
      <attribute><code>EXTRA_OPTION_MYSQL.defaultFetchSize</code><attribute>500</attribute></attribute>
      <attribute><code>EXTRA_OPTION_MYSQL.useCursorFetch</code><attribute>true</attribute></attribute>
      <attribute><code>MAXIMUM_POOL_SIZE</code><attribute>10</attribute></attribute>
      <attribute><code>USE_POOLING</code><attribute>N</attribute></attribute>
    </attributes>
  </connection>
  <logconnection/>
  <logtable/>
   <use_batchid>N</use_batchid>
   <pass_batchid>N</pass_batchid>
   <use_logfield>N</use_logfield>
  <entries>
    <entry>
      <name>START</name>
      <description>A job starts to process here.</description>
      <type>SPECIAL</type>
      <start>Y</start>
      <dummy>N</dummy>
      <repeat>N</repeat>
      <schedulerType>0</schedulerType>
      <interval>60</interval>
      <hour>12</hour>
      <minutes>0</minutes>
      <weekDay>1</weekDay>
      <DayOfMonth>1</DayOfMonth>
      <parallel>N</parallel>
      <draw>Y</draw>
      <nr>0</nr>
      <xloc>96</xloc>
      <yloc>22</yloc>
      </entry>
    <entry>
      <name>DUMMY</name>
      <description>A dummy entry.</description>
      <type>SPECIAL</type>
      <start>N</start>
      <dummy>Y</dummy>
      <repeat>N</repeat>
      <schedulerType>0</schedulerType>
      <interval>60</interval>
      <hour>12</hour>
      <minutes>0</minutes>
      <weekDay>1</weekDay>
      <DayOfMonth>1</DayOfMonth>
      <parallel>N</parallel>
      <draw>N</draw>
      <nr>0</nr>
      <xloc>19</xloc>
      <yloc>3</yloc>
      </entry>
    <entry>
      <name>OK</name>
      <description>This comparisson is true when no errors have occured.</description>
      <type>EVAL</type>
      <script>errors == 0</script>
      <parallel>N</parallel>
      <draw>N</draw>
      <nr>0</nr>
      <xloc>0</xloc>
      <yloc>0</yloc>
      </entry>
    <entry>
      <name>ERROR</name>
      <description>This comparisson is true when one or more errors have occured.</description>
      <type>EVAL</type>
      <script>errors != 0</script>
      <parallel>N</parallel>
      <draw>N</draw>
      <nr>0</nr>
      <xloc>0</xloc>
      <yloc>0</yloc>
      </entry>
    <entry>
      <name>Table CHANGELOG exists?</name>
      <description/>
      <type>TABLE_EXISTS</type>
      <tablename>CHANGELOG</tablename>
      <connection>H2</connection>
      <parallel>N</parallel>
      <draw>Y</draw>
      <nr>0</nr>
      <xloc>253</xloc>
      <yloc>61</yloc>
      </entry>
    <entry>
      <name>Create table changelog</name>
      <description/>
      <type>SQL</type>
      <sql>create table changelog
(
  id int
, foo varchar(100)
, primary key(id)
)</sql>
      <connection>H2</connection>
      <parallel>N</parallel>
      <draw>Y</draw>
      <nr>0</nr>
      <xloc>253</xloc>
      <yloc>248</yloc>
      </entry>
    <entry>
      <name>General - Change log processing</name>
      <description/>
      <type>TRANS</type>
      <filename>${Internal.Job.Filename.Directory}/../../transformations/General - Change log processing.ktr</filename>
      <transname/>
      <directory>/</directory>
      <arg_from_previous>N</arg_from_previous>
      <exec_per_row>N</exec_per_row>
      <clear_rows>Y</clear_rows>
      <clear_files>Y</clear_files>
      <set_logfile>N</set_logfile>
      <logfile/>
      <logext/>
      <add_date>N</add_date>
      <add_time>N</add_time>
      <loglevel>Error</loglevel>
      <parallel>N</parallel>
      <draw>Y</draw>
      <nr>0</nr>
      <xloc>253</xloc>
      <yloc>357</yloc>
      </entry>
    <entry>
      <name>General - Change log processing 2</name>
      <description/>
      <type>TRANS</type>
      <filename>${Internal.Job.Filename.Directory}/../../transformations/General - Change log processing 2.ktr</filename>
      <transname/>
      <directory>/</directory>
      <arg_from_previous>N</arg_from_previous>
      <exec_per_row>Y</exec_per_row>
      <clear_rows>Y</clear_rows>
      <clear_files>Y</clear_files>
      <set_logfile>N</set_logfile>
      <logfile/>
      <logext/>
      <add_date>N</add_date>
      <add_time>N</add_time>
      <loglevel>Error</loglevel>
      <parallel>N</parallel>
      <draw>Y</draw>
      <nr>0</nr>
      <xloc>253</xloc>
      <yloc>505</yloc>
      </entry>
    <entry>
      <name>Drop table changelog</name>
      <description/>
      <type>SQL</type>
      <sql>drop table changelog
</sql>
      <connection>H2</connection>
      <parallel>N</parallel>
      <draw>Y</draw>
      <nr>0</nr>
      <xloc>350</xloc>
      <yloc>148</yloc>
      </entry>
    </entries>
  <hops>
    <hop>
      <from>START</from>
      <to>Table CHANGELOG exists?</to>
      <from_nr>0</from_nr>
      <to_nr>0</to_nr>
      <enabled>Y</enabled>
      <evaluation>Y</evaluation>
      <unconditional>Y</unconditional>
      </hop>
    <hop>
      <from>Table CHANGELOG exists?</from>
      <to>Create table changelog</to>
      <from_nr>0</from_nr>
      <to_nr>0</to_nr>
      <enabled>Y</enabled>
      <evaluation>N</evaluation>
      <unconditional>N</unconditional>
      </hop>
    <hop>
      <from>Create table changelog</from>
      <to>General - Change log processing</to>
      <from_nr>0</from_nr>
      <to_nr>0</to_nr>
      <enabled>Y</enabled>
      <evaluation>Y</evaluation>
      <unconditional>N</unconditional>
      </hop>
    <hop>
      <from>General - Change log processing</from>
      <to>General - Change log processing 2</to>
      <from_nr>0</from_nr>
      <to_nr>0</to_nr>
      <enabled>Y</enabled>
      <evaluation>Y</evaluation>
      <unconditional>N</unconditional>
      </hop>
    <hop>
      <from>Table CHANGELOG exists?</from>
      <to>Drop table changelog</to>
      <from_nr>0</from_nr>
      <to_nr>0</to_nr>
      <enabled>Y</enabled>
      <evaluation>Y</evaluation>
      <unconditional>N</unconditional>
      </hop>
    <hop>
      <from>Drop table changelog</from>
      <to>Create table changelog</to>
      <from_nr>0</from_nr>
      <to_nr>0</to_nr>
      <enabled>Y</enabled>
      <evaluation>Y</evaluation>
      <unconditional>N</unconditional>
      </hop>
    </hops>
  <notepads>
    </notepads>
  </job>
</jobs>
</repository>

